{
  "component": {
    "button": {
      "padding": { "value": "{size.padding.medium.value}" },
      "font-size": { "value": 2 },
      "text-align": { "value": "center" },
      
      "primary": {
        "background-color": { "value": "hsl(10, 80, 50)" },
        "color": { "value": "{color.font.inverse.value}" }
      },
      
      "secondary": {
        "background-color": { "value": "{color.background.primary.value}" },
        "color": { "value": "{color.font.link.value}" }
      }
    }
  }
}