{
  "asset": {
    "font": {
      "materialicons": {
        "ttf"  : { "value": "assets/fonts/MaterialIcons-Regular.ttf" },
        "eot"  : { "value": "assets/fonts/MaterialIcons-Regular.eot" },
        "woff" : { "value": "assets/fonts/MaterialIcons-Regular.woff" },
        "woff2": { "value": "assets/fonts/MaterialIcons-Regular.woff2" }
      },
      "opensans": {
        "ttf"  : { "value": "assets/fonts/OpenSans-Regular.ttf" }
      },
      "roboto": {
        "ttf"  : { "value": "assets/fonts/Roboto-Regular.ttf" }
      }
    }
  }
}
