{
  "asset": {
    "font": {
      "Roboto": {
        "400": {
          "normal": {
            "value": "fonts/roboto-V20-latin-regular",
            "formats": ["woff2", "woff"]
          },
          "italic": {
            "value": "fonts/roboto-V20-latin-italic",
            "formats": ["woff2", "woff"]
          }
        },
        "700": {
          "normal": {
            "value": "fonts/roboto-V20-latin-700",
            "formats": ["woff2", "woff"]
          },
          "italic": {
            "value": "fonts/roboto-V20-latin-700italic",
            "formats": ["woff2", "woff"]
          }
        }
      }
    }
  }
}
